eng: book	rel:etymological_origin_of	eng: coursebook
eng: book	rel:etymological_origin_of	eng: cyberbook
eng: book	rel:etymological_origin_of	eng: databook
eng: book	rel:etymological_origin_of	eng: datebook
eng: book	rel:etymological_origin_of	eng: daybook
eng: book	rel:etymological_origin_of	eng: deskbook
eng: book	rel:etymological_origin_of	eng: facebook
eng: book	rel:etymological_origin_of	eng: factbook
eng: book	rel:etymological_origin_of	eng: fairybook
eng: book	rel:etymological_origin_of	eng: flipbook
eng: book	rel:etymological_origin_of	eng: gamebook
eng: book	rel:etymological_origin_of	eng: herdbook
eng: book	rel:etymological_origin_of	eng: midbook
eng: book	rel:etymological_origin_of	eng: needlebook
eng: book	rel:etymological_origin_of	eng: newsbook
eng: book	rel:etymological_origin_of	eng: nonbook
eng: book	rel:etymological_origin_of	eng: notebook
eng: book	rel:etymological_origin_of	eng: passbook
eng: book	rel:etymological_origin_of	eng: phonebook
eng: book	rel:etymological_origin_of	eng: prebook
eng: book	rel:etymological_origin_of	eng: psalmbook
eng: book	rel:etymological_origin_of	eng: quizbook
eng: book	rel:etymological_origin_of	eng: quotebook
eng: book	rel:etymological_origin_of	eng: rebook
eng: book	rel:etymological_origin_of	eng: rulebook
eng: book	rel:etymological_origin_of	eng: shopbook
eng: book	rel:etymological_origin_of	eng: slambook
eng: book	rel:etymological_origin_of	eng: sourcebook
eng: book	rel:etymological_origin_of	eng: sportsbook
eng: book	rel:etymological_origin_of	eng: storybook
eng: book	rel:etymological_origin_of	eng: studbook
eng: book	rel:etymological_origin_of	eng: tablebook
eng: book	rel:etymological_origin_of	eng: talebook
eng: book	rel:etymological_origin_of	eng: underbook
eng: book	rel:etymological_origin_of	eng: wishbook
eng: book	rel:etymological_origin_of	eng: yearbook
eng: book	rel:etymological_origin_of	tpi: buk
eng: book	rel:etymologically_related	eng: booker
eng: book	rel:etymology	enm: book
eng: book	rel:has_derived_form	eng: Book of God
eng: book	rel:has_derived_form	eng: Book of the Dead
eng: book	rel:has_derived_form	eng: address book
eng: book	rel:has_derived_form	eng: audiobook
eng: book	rel:has_derived_form	eng: book account
eng: book	rel:has_derived_form	eng: book agent
eng: book	rel:has_derived_form	eng: book award
eng: book	rel:has_derived_form	eng: book canvasser
eng: book	rel:has_derived_form	eng: book club
eng: book	rel:has_derived_form	eng: book concern
eng: book	rel:has_derived_form	eng: book end
eng: book	rel:has_derived_form	eng: book hand
eng: book	rel:has_derived_form	eng: book lung
eng: book	rel:has_derived_form	eng: book match
eng: book	rel:has_derived_form	eng: book mite
eng: book	rel:has_derived_form	eng: book name
eng: book	rel:has_derived_form	eng: book of first entry
eng: book	rel:has_derived_form	eng: book of lading
eng: book	rel:has_derived_form	eng: book of life
eng: book	rel:has_derived_form	eng: book of original entry
eng: book	rel:has_derived_form	eng: book of rates
eng: book	rel:has_derived_form	eng: book of reference
eng: book	rel:has_derived_form	eng: book of the film
eng: book	rel:has_derived_form	eng: book of the living
eng: book	rel:has_derived_form	eng: book of words
eng: book	rel:has_derived_form	eng: book piles
eng: book	rel:has_derived_form	eng: book pocket
eng: book	rel:has_derived_form	eng: book price
eng: book	rel:has_derived_form	eng: book prop
eng: book	rel:has_derived_form	eng: book support
eng: book	rel:has_derived_form	eng: book token
eng: book	rel:has_derived_form	eng: book trade
eng: book	rel:has_derived_form	eng: book type
eng: book	rel:has_derived_form	eng: book value
eng: book	rel:has_derived_form	eng: book-answerer
eng: book	rel:has_derived_form	eng: book-bearer
eng: book	rel:has_derived_form	eng: book-board
eng: book	rel:has_derived_form	eng: book-bosomed
eng: book	rel:has_derived_form	eng: book-bound
eng: book	rel:has_derived_form	eng: book-boy
eng: book	rel:has_derived_form	eng: book-burning
eng: book	rel:has_derived_form	eng: book-cloth
eng: book	rel:has_derived_form	eng: book-crab
eng: book	rel:has_derived_form	eng: book-credit
eng: book	rel:has_derived_form	eng: book-debt
eng: book	rel:has_derived_form	eng: book-edge gilder
eng: book	rel:has_derived_form	eng: book-edge marbler
eng: book	rel:has_derived_form	eng: book-farmer
eng: book	rel:has_derived_form	eng: book-folder
eng: book	rel:has_derived_form	eng: book-form
eng: book	rel:has_derived_form	eng: book-ghoul
eng: book	rel:has_derived_form	eng: book-gill
eng: book	rel:has_derived_form	eng: book-holder
eng: book	rel:has_derived_form	eng: book-house
eng: book	rel:has_derived_form	eng: book-hunt
eng: book	rel:has_derived_form	eng: book-label
eng: book	rel:has_derived_form	eng: book-lare
eng: book	rel:has_derived_form	eng: book-law
eng: book	rel:has_derived_form	eng: book-lear
eng: book	rel:has_derived_form	eng: book-learned
eng: book	rel:has_derived_form	eng: book-learning
eng: book	rel:has_derived_form	eng: book-length
eng: book	rel:has_derived_form	eng: book-mate
eng: book	rel:has_derived_form	eng: book-mindedness
eng: book	rel:has_derived_form	eng: book-muslin
eng: book	rel:has_derived_form	eng: book-number
eng: book	rel:has_derived_form	eng: book-oath
eng: book	rel:has_derived_form	eng: book-packet
eng: book	rel:has_derived_form	eng: book-post
eng: book	rel:has_derived_form	eng: book-postage
eng: book	rel:has_derived_form	eng: book-press
eng: book	rel:has_derived_form	eng: book-rate
eng: book	rel:has_derived_form	eng: book-read
eng: book	rel:has_derived_form	eng: book-scorpion
eng: book	rel:has_derived_form	eng: book-shy
eng: book	rel:has_derived_form	eng: book-slide
eng: book	rel:has_derived_form	eng: book-society
eng: book	rel:has_derived_form	eng: book-stack
eng: book	rel:has_derived_form	eng: book-stamp
eng: book	rel:has_derived_form	eng: book-table
eng: book	rel:has_derived_form	eng: book-tray
eng: book	rel:has_derived_form	eng: book-trough
eng: book	rel:has_derived_form	eng: book-ways
eng: book	rel:has_derived_form	eng: book-world
eng: book	rel:has_derived_form	eng: book-wright
eng: book	rel:has_derived_form	eng: bookable
eng: book	rel:has_derived_form	eng: bookbinder
eng: book	rel:has_derived_form	eng: bookcase
eng: book	rel:has_derived_form	eng: booked
eng: book	rel:has_derived_form	eng: bookend
eng: book	rel:has_derived_form	eng: bookery
eng: book	rel:has_derived_form	eng: booketeria
eng: book	rel:has_derived_form	eng: bookful
eng: book	rel:has_derived_form	eng: bookhood
eng: book	rel:has_derived_form	eng: bookie
eng: book	rel:has_derived_form	eng: booking
eng: book	rel:has_derived_form	eng: bookish
eng: book	rel:has_derived_form	eng: bookism
eng: book	rel:has_derived_form	eng: bookjacket
eng: book	rel:has_derived_form	eng: bookkeeper
eng: book	rel:has_derived_form	eng: bookkeeping
eng: book	rel:has_derived_form	eng: bookless
eng: book	rel:has_derived_form	eng: booklet
eng: book	rel:has_derived_form	eng: booklike
eng: book	rel:has_derived_form	eng: bookling
eng: book	rel:has_derived_form	eng: booklore
eng: book	rel:has_derived_form	eng: booklouse
eng: book	rel:has_derived_form	eng: bookly
eng: book	rel:has_derived_form	eng: bookmaker
eng: book	rel:has_derived_form	eng: bookmaking
eng: book	rel:has_derived_form	eng: bookman
eng: book	rel:has_derived_form	eng: bookmark
eng: book	rel:has_derived_form	eng: bookmarker
eng: book	rel:has_derived_form	eng: bookmobile
eng: book	rel:has_derived_form	eng: bookplate
eng: book	rel:has_derived_form	eng: bookrest
eng: book	rel:has_derived_form	eng: books
eng: book	rel:has_derived_form	eng: bookseller
eng: book	rel:has_derived_form	eng: bookselling
eng: book	rel:has_derived_form	eng: bookshelf
eng: book	rel:has_derived_form	eng: bookshop
eng: book	rel:has_derived_form	eng: booksie
eng: book	rel:has_derived_form	eng: bookstall
eng: book	rel:has_derived_form	eng: bookstand
eng: book	rel:has_derived_form	eng: bookstore
eng: book	rel:has_derived_form	eng: booksy
eng: book	rel:has_derived_form	eng: bookwards
eng: book	rel:has_derived_form	eng: bookwise
eng: book	rel:has_derived_form	eng: bookwork
eng: book	rel:has_derived_form	eng: bookworm
eng: book	rel:has_derived_form	eng: booky
eng: book	rel:has_derived_form	eng: bring to book
eng: book	rel:has_derived_form	eng: burn book
eng: book	rel:has_derived_form	eng: by the book
eng: book	rel:has_derived_form	eng: casebook
eng: book	rel:has_derived_form	eng: close the books
eng: book	rel:has_derived_form	eng: closed book
eng: book	rel:has_derived_form	eng: coffee-table book
eng: book	rel:has_derived_form	eng: comic book
eng: book	rel:has_derived_form	eng: cook the books
eng: book	rel:has_derived_form	eng: cookbook
eng: book	rel:has_derived_form	eng: cookery book
eng: book	rel:has_derived_form	eng: copybook
eng: book	rel:has_derived_form	eng: coursebook
eng: book	rel:has_derived_form	eng: double-book
eng: book	rel:has_derived_form	eng: e-book
eng: book	rel:has_derived_form	eng: exercise book
eng: book	rel:has_derived_form	eng: guidebook
eng: book	rel:has_derived_form	eng: handbook
eng: book	rel:has_derived_form	eng: hymn book
eng: book	rel:has_derived_form	eng: in anyone's book
eng: book	rel:has_derived_form	eng: in my book
eng: book	rel:has_derived_form	eng: in someone's bad books
eng: book	rel:has_derived_form	eng: in someone's good books
eng: book	rel:has_derived_form	eng: logbook
eng: book	rel:has_derived_form	eng: make book
eng: book	rel:has_derived_form	eng: matchbook
eng: book	rel:has_derived_form	eng: notebook
eng: book	rel:has_derived_form	eng: on the books
eng: book	rel:has_derived_form	eng: open book
eng: book	rel:has_derived_form	eng: overbook
eng: book	rel:has_derived_form	eng: passbook
eng: book	rel:has_derived_form	eng: pension book
eng: book	rel:has_derived_form	eng: phrasebook
eng: book	rel:has_derived_form	eng: pocket-book
eng: book	rel:has_derived_form	eng: pocketbook
eng: book	rel:has_derived_form	eng: prayer book
eng: book	rel:has_derived_form	eng: ration book
eng: book	rel:has_derived_form	eng: read someone like a book
eng: book	rel:has_derived_form	eng: reading book
eng: book	rel:has_derived_form	eng: rebook
eng: book	rel:has_derived_form	eng: reference book
eng: book	rel:has_derived_form	eng: rough book
eng: book	rel:has_derived_form	eng: scrapbook
eng: book	rel:has_derived_form	eng: sketch book
eng: book	rel:has_derived_form	eng: songbook
eng: book	rel:has_derived_form	eng: storybook
eng: book	rel:has_derived_form	eng: suit one's book
eng: book	rel:has_derived_form	eng: take a leaf out of someone's book
eng: book	rel:has_derived_form	eng: talk like a book
eng: book	rel:has_derived_form	eng: textbook
eng: book	rel:has_derived_form	eng: throw the book at
eng: book	rel:has_derived_form	eng: unbook
eng: book	rel:has_derived_form	eng: underbook
eng: book	rel:has_derived_form	eng: without book
eng: book	rel:has_derived_form	eng: wordbook
eng: book	rel:has_derived_form	eng: workbook
eng: book	rel:has_derived_form	eng: yearbook
eng: book account	rel:is_derived_from	eng: account
eng: book account	rel:is_derived_from	eng: book
eng: book agent	rel:is_derived_from	eng: book
eng: book award	rel:has_derived_form	eng: book awards
eng: book award	rel:is_derived_from	eng: book
eng: book awards	rel:is_derived_from	eng: book award
eng: book burning	rel:has_derived_form	eng: book burnings
eng: book burnings	rel:is_derived_from	eng: book burning
eng: book canvasser	rel:is_derived_from	eng: book
eng: book club	rel:has_derived_form	eng: book clubs
eng: book club	rel:is_derived_from	eng: book
eng: book clubs	rel:is_derived_from	eng: book club
eng: book concern	rel:is_derived_from	eng: book
eng: book deal	rel:has_derived_form	eng: book deals
eng: book deals	rel:is_derived_from	eng: book deal
eng: book end	rel:is_derived_from	eng: book
eng: book entries	rel:is_derived_from	eng: book entry
eng: book entry	rel:has_derived_form	eng: book entries
eng: book fair	rel:has_derived_form	eng: book fairs
eng: book fairs	rel:is_derived_from	eng: book fair
eng: book hand	rel:etymologically_related	eng: documentary hand
eng: book hand	rel:etymologically_related	eng: secretary hand
eng: book hand	rel:has_derived_form	eng: book hands
eng: book hand	rel:is_derived_from	eng: book
eng: book hands	rel:is_derived_from	eng: book hand
eng: book lung	rel:has_derived_form	eng: book lungs
eng: book lung	rel:is_derived_from	eng: book
eng: book lungs	rel:is_derived_from	eng: book lung
eng: book match	rel:is_derived_from	eng: book
eng: book mite	rel:is_derived_from	eng: book
eng: book muslin	rel:has_derived_form	eng: book muslins
eng: book muslins	rel:is_derived_from	eng: book muslin
eng: book name	rel:is_derived_from	eng: book
eng: book of birds	rel:is_derived_from	eng: bird
eng: book of condolence	rel:is_derived_from	eng: condolence
eng: book of first entry	rel:is_derived_from	eng: book
eng: book of hours	rel:etymologically_related	eng: canonical hours
eng: book of lading	rel:is_derived_from	eng: book
eng: book of life	rel:is_derived_from	eng: book
eng: book of original entry	rel:is_derived_from	eng: book
eng: book of rates	rel:is_derived_from	eng: book
eng: book of reference	rel:is_derived_from	eng: book
eng: book of the film	rel:is_derived_from	eng: book
eng: book of the living	rel:is_derived_from	eng: book
eng: book of words	rel:is_derived_from	eng: book
eng: book piles	rel:is_derived_from	eng: book
eng: book pocket	rel:is_derived_from	eng: book
eng: book price	rel:is_derived_from	eng: book
eng: book profit	rel:is_derived_from	eng: profit
eng: book prop	rel:is_derived_from	eng: book
eng: book scorpion	rel:has_derived_form	eng: book scorpions
eng: book scorpions	rel:is_derived_from	eng: book scorpion
eng: book shop	rel:has_derived_form	eng: book shops
eng: book shop	rel:variant:orthography	eng: bookshop
eng: book shops	rel:is_derived_from	eng: book shop
eng: book signing	rel:has_derived_form	eng: book signings
eng: book signing	rel:has_derived_form	eng: book-signing
eng: book signings	rel:is_derived_from	eng: book signing
eng: book store	rel:variant:orthography	eng: bookstore
eng: book support	rel:is_derived_from	eng: book
eng: book token	rel:is_derived_from	eng: book
eng: book trade	rel:is_derived_from	eng: book
eng: book type	rel:is_derived_from	eng: book
eng: book value	rel:is_derived_from	eng: book
eng: book worm	rel:has_derived_form	eng: book worms
eng: book worms	rel:is_derived_from	eng: book worm
eng: book-answerer	rel:is_derived_from	eng: book
eng: book-bearer	rel:is_derived_from	eng: book
eng: book-board	rel:is_derived_from	eng: book
eng: book-bosomed	rel:is_derived_from	eng: book
eng: book-bound	rel:is_derived_from	eng: book
eng: book-boy	rel:is_derived_from	eng: book
eng: book-burner	rel:is_derived_from	eng: book-burning
eng: book-burning	rel:has_derived_form	eng: book-burner
eng: book-burning	rel:is_derived_from	eng: book
eng: book-cloth	rel:is_derived_from	eng: book
eng: book-crab	rel:is_derived_from	eng: book
eng: book-credit	rel:is_derived_from	eng: book
eng: book-debt	rel:is_derived_from	eng: book
eng: book-edge gilder	rel:is_derived_from	eng: book
eng: book-edge marbler	rel:is_derived_from	eng: book
eng: book-farmer	rel:is_derived_from	eng: book
eng: book-folder	rel:is_derived_from	eng: book
eng: book-form	rel:is_derived_from	eng: book
eng: book-ghoul	rel:has_derived_form	eng: book-ghouls
eng: book-ghoul	rel:is_derived_from	eng: book
eng: book-ghouls	rel:is_derived_from	eng: book-ghoul
eng: book-gill	rel:is_derived_from	eng: book
eng: book-holder	rel:is_derived_from	eng: book
eng: book-house	rel:is_derived_from	eng: book
eng: book-hunt	rel:is_derived_from	eng: book
eng: book-keep	rel:etymologically_related	eng: book-keeper
eng: book-keep	rel:etymologically_related	eng: bookkeeper
eng: book-keeper	rel:etymologically_related	eng: book-keep
eng: book-keeper	rel:has_derived_form	eng: book-keepers
eng: book-keeper	rel:variant:orthography	eng: bookkeeper
eng: book-keepers	rel:is_derived_from	eng: book-keeper
eng: book-keeping	rel:variant:orthography	eng: bookkeeping
eng: book-label	rel:is_derived_from	eng: book
eng: book-lare	rel:is_derived_from	eng: book
eng: book-law	rel:is_derived_from	eng: book
eng: book-lear	rel:is_derived_from	eng: book
eng: book-learned	rel:has_derived_form	eng: book-learnedness
eng: book-learned	rel:has_derived_form	eng: book-learning
eng: book-learned	rel:is_derived_from	eng: book
eng: book-learnedness	rel:is_derived_from	eng: book-learned
eng: book-learning	rel:is_derived_from	eng: book
eng: book-learning	rel:is_derived_from	eng: book-learned
eng: book-learning	rel:is_derived_from	eng: learning
eng: book-length	rel:is_derived_from	eng: book
eng: book-mate	rel:is_derived_from	eng: book
eng: book-mindedness	rel:is_derived_from	eng: book
eng: book-muslin	rel:is_derived_from	eng: book
eng: book-number	rel:is_derived_from	eng: book
eng: book-oath	rel:is_derived_from	eng: book
eng: book-packet	rel:is_derived_from	eng: book
eng: book-post	rel:is_derived_from	eng: book
eng: book-postage	rel:is_derived_from	eng: book
eng: book-press	rel:is_derived_from	eng: book
eng: book-rate	rel:is_derived_from	eng: book
eng: book-read	rel:is_derived_from	eng: book
eng: book-ridden	rel:etymology	eng: -ridden
eng: book-ridden	rel:etymology	eng: book
eng: book-scorpion	rel:has_derived_form	eng: book-scorpions
eng: book-scorpion	rel:is_derived_from	eng: book
eng: book-scorpions	rel:is_derived_from	eng: book-scorpion
eng: book-shy	rel:is_derived_from	eng: book
eng: book-signing	rel:is_derived_from	eng: book signing
eng: book-slide	rel:is_derived_from	eng: book
eng: book-smart	rel:variant:orthography	eng: book smart
eng: book-society	rel:is_derived_from	eng: book
eng: book-stack	rel:is_derived_from	eng: book
eng: book-stamp	rel:is_derived_from	eng: book
eng: book-table	rel:is_derived_from	eng: book
eng: book-tray	rel:is_derived_from	eng: book
eng: book-trough	rel:is_derived_from	eng: book
eng: book-ways	rel:is_derived_from	eng: book
eng: book-world	rel:is_derived_from	eng: book
eng: book-wright	rel:is_derived_from	eng: book
eng: bookable	rel:etymology	eng: -able
eng: bookable	rel:etymology	eng: book
eng: bookable	rel:is_derived_from	eng: book
eng: bookaholic	rel:etymology	eng: -aholic
eng: bookaholic	rel:etymology	eng: book
eng: bookaholic	rel:has_derived_form	eng: bookaholics
eng: bookaholics	rel:is_derived_from	eng: bookaholic
eng: bookazine	rel:etymology	eng: book
eng: bookazine	rel:etymology	eng: magazine
eng: bookazine	rel:has_derived_form	eng: bookazines
eng: bookazines	rel:is_derived_from	eng: bookazine
eng: bookbag	rel:etymology	eng: bag
eng: bookbag	rel:etymology	eng: book
eng: bookbag	rel:has_derived_form	eng: bookbags
eng: bookbags	rel:is_derived_from	eng: bookbag
eng: bookbinder	rel:etymologically_related	eng: bookbindery
eng: bookbinder	rel:etymologically_related	eng: bookbinding
eng: bookbinder	rel:has_derived_form	eng: bookbinders
eng: bookbinder	rel:is_derived_from	eng: book
eng: bookbinderies	rel:is_derived_from	eng: bookbindery
eng: bookbinders	rel:is_derived_from	eng: bookbinder
eng: bookbindery	rel:etymologically_related	eng: bookbinder
eng: bookbindery	rel:has_derived_form	eng: bookbinderies
eng: bookbinding	rel:etymologically_related	eng: bookbinder
eng: bookbinding	rel:has_derived_form	eng: bookbindings
eng: bookbindings	rel:is_derived_from	eng: bookbinding
eng: bookbuild	rel:etymology	eng: book
eng: bookbuild	rel:etymology	eng: build
eng: bookbuild	rel:has_derived_form	eng: bookbuilds
eng: bookbuilds	rel:is_derived_from	eng: bookbuild
eng: bookbus	rel:etymology	eng: book
eng: bookbus	rel:etymology	eng: bus
eng: bookbus	rel:has_derived_form	eng: bookbuses
eng: bookbuses	rel:is_derived_from	eng: bookbus
eng: bookcase	rel:etymology	eng: book
eng: bookcase	rel:etymology	eng: case
eng: bookcase	rel:has_derived_form	eng: bookcases
eng: bookcase	rel:is_derived_from	eng: book
eng: bookcases	rel:is_derived_from	eng: bookcase
eng: bookclub	rel:has_derived_form	eng: bookclubs
eng: bookclub	rel:variant:orthography	eng: book club
eng: bookclubs	rel:is_derived_from	eng: bookclub
eng: bookcraft	rel:etymology	eng: -craft
eng: bookcraft	rel:etymology	eng: book
eng: bookcross	rel:has_derived_form	eng: bookcrossed
eng: bookcross	rel:has_derived_form	eng: bookcrosses
eng: bookcross	rel:has_derived_form	eng: bookcrossing
eng: bookcrossed	rel:is_derived_from	eng: bookcross
eng: bookcrosses	rel:is_derived_from	eng: bookcross
eng: bookcrossing	rel:is_derived_from	eng: bookcross
eng: booke	rel:has_derived_form	eng: bookes
eng: booke	rel:variant:orthography	eng: book
eng: booked	rel:is_derived_from	eng: book
eng: bookend	rel:has_derived_form	eng: bookended
eng: bookend	rel:has_derived_form	eng: bookending
eng: bookend	rel:has_derived_form	eng: bookends
eng: bookend	rel:is_derived_from	eng: book
eng: bookended	rel:is_derived_from	eng: bookend
eng: bookending	rel:is_derived_from	eng: bookend
eng: bookends	rel:is_derived_from	eng: bookend
eng: booker	rel:etymologically_related	eng: book
eng: booker	rel:etymologically_related	eng: booking
eng: booker	rel:has_derived_form	eng: bookers
eng: bookers	rel:is_derived_from	eng: booker
eng: bookery	rel:is_derived_from	eng: book
eng: bookes	rel:is_derived_from	eng: booke
eng: booketeria	rel:is_derived_from	eng: book
eng: bookfell	rel:etymology	enm: bocfel
eng: bookful	rel:etymology	eng: -ful
eng: bookful	rel:etymology	eng: book
eng: bookful	rel:has_derived_form	eng: bookfuls
eng: bookful	rel:has_derived_form	eng: booksful
eng: bookful	rel:is_derived_from	eng: book
eng: bookfuls	rel:is_derived_from	eng: bookful
eng: bookhoard	rel:etymologically_related	eng: bookhouse
eng: bookhoard	rel:etymology	ang: bochord
eng: bookholder	rel:etymology	eng: book
eng: bookholder	rel:etymology	eng: holder
eng: bookholder	rel:has_derived_form	eng: bookholders
eng: bookholders	rel:is_derived_from	eng: bookholder
eng: bookhood	rel:etymology	eng: -hood
eng: bookhood	rel:etymology	eng: book
eng: bookhood	rel:is_derived_from	eng: book
eng: bookhound	rel:has_derived_form	eng: bookhounds
eng: bookhounds	rel:is_derived_from	eng: bookhound
eng: bookhouse	rel:etymologically_related	eng: bookhoard
eng: bookhouse	rel:etymology	eng: book
eng: bookhouse	rel:etymology	eng: house
eng: bookhouse	rel:has_derived_form	eng: bookhouses
eng: bookhouses	rel:is_derived_from	eng: bookhouse
eng: bookie	rel:etymologically_related	eng: bookmaking
eng: bookie	rel:has_derived_form	eng: bookies
eng: bookie	rel:is_derived_from	eng: book
eng: bookier	rel:is_derived_from	eng: booky
eng: bookies	rel:is_derived_from	eng: bookie
eng: bookiest	rel:is_derived_from	eng: booky
eng: bookiness	rel:is_derived_from	eng: booky
eng: booking	rel:etymological_origin_of	hbs: buking
eng: booking	rel:etymologically_related	eng: booker
eng: booking	rel:has_derived_form	eng: booking clerk
eng: booking	rel:has_derived_form	eng: booking office
eng: booking	rel:has_derived_form	eng: bookings
eng: booking	rel:is_derived_from	eng: book
eng: booking clerk	rel:is_derived_from	eng: booking
eng: booking office	rel:is_derived_from	eng: booking
eng: bookings	rel:is_derived_from	eng: booking
eng: bookish	rel:etymological_origin_of	eng: bookishness
eng: bookish	rel:etymological_origin_of	eng: overbookish
eng: bookish	rel:etymological_origin_of	eng: unbookish
eng: bookish	rel:etymology	eng: -ish
eng: bookish	rel:etymology	eng: book
eng: bookish	rel:has_derived_form	eng: bookishly
eng: bookish	rel:has_derived_form	eng: bookishness
eng: bookish	rel:is_derived_from	eng: book
eng: bookishly	rel:is_derived_from	eng: bookish
eng: bookishness	rel:etymology	eng: -ness
eng: bookishness	rel:etymology	eng: bookish
eng: bookishness	rel:is_derived_from	eng: bookish
eng: bookism	rel:is_derived_from	eng: book
eng: bookjacket	rel:has_derived_form	eng: bookjackets
eng: bookjacket	rel:is_derived_from	eng: book
eng: bookjacket	rel:is_derived_from	eng: jacket
eng: bookjackets	rel:is_derived_from	eng: bookjacket
eng: bookkeep	rel:has_derived_form	eng: bookkeeping
eng: bookkeep	rel:has_derived_form	eng: bookkeeps
eng: bookkeep	rel:has_derived_form	eng: bookkept
eng: bookkeep	rel:variant:orthography	eng: book-keep
eng: bookkeeper	rel:etymologically_related	eng: book-keep
eng: bookkeeper	rel:etymology	eng: book
eng: bookkeeper	rel:etymology	eng: keeper
eng: bookkeeper	rel:has_derived_form	eng: bookkeepers
eng: bookkeeper	rel:is_derived_from	eng: book
eng: bookkeeper	rel:is_derived_from	eng: keeper
eng: bookkeepers	rel:is_derived_from	eng: bookkeeper
eng: bookkeeping	rel:etymological_origin_of	eng: nonbookkeeping
eng: bookkeeping	rel:is_derived_from	eng: book
eng: bookkeeping	rel:is_derived_from	eng: bookkeep
eng: bookkeeps	rel:is_derived_from	eng: bookkeep
eng: bookkept	rel:is_derived_from	eng: bookkeep
eng: bookland	rel:etymologically_related	eng: folkland
eng: bookland	rel:etymologically_related	eng: loanland
eng: bookland	rel:etymology	ang: bocland
eng: bookland	rel:has_derived_form	eng: booklands
eng: bookland	rel:is_derived_from	eng: land
eng: booklands	rel:is_derived_from	eng: bookland
eng: bookless	rel:etymological_origin_of	eng: booklessness
eng: bookless	rel:etymology	eng: -less
eng: bookless	rel:etymology	eng: book
eng: bookless	rel:is_derived_from	eng: book
eng: booklessness	rel:etymology	eng: -ness
eng: booklessness	rel:etymology	eng: bookless
eng: booklet	rel:etymology	eng: -let
eng: booklet	rel:etymology	eng: book
eng: booklet	rel:has_derived_form	eng: booklets
eng: booklet	rel:is_derived_from	eng: book
eng: booklets	rel:is_derived_from	eng: booklet
eng: booklice	rel:is_derived_from	eng: booklouse
eng: booklight	rel:etymology	eng: book
eng: booklight	rel:etymology	eng: light
eng: booklight	rel:has_derived_form	eng: booklights
eng: booklight	rel:is_derived_from	eng: light
eng: booklights	rel:is_derived_from	eng: booklight
eng: booklike	rel:etymology	eng: -like
eng: booklike	rel:etymology	eng: book
eng: booklike	rel:is_derived_from	eng: book
eng: bookling	rel:etymology	eng: -ling
eng: bookling	rel:etymology	eng: book
eng: bookling	rel:has_derived_form	eng: booklings
eng: bookling	rel:is_derived_from	eng: book
eng: booklings	rel:is_derived_from	eng: bookling
eng: booklist	rel:etymology	eng: book
eng: booklist	rel:etymology	eng: list
eng: booklist	rel:has_derived_form	eng: booklists
eng: booklists	rel:is_derived_from	eng: booklist
eng: booklore	rel:etymology	enm: boclore
eng: booklore	rel:is_derived_from	eng: book
eng: booklore	rel:is_derived_from	eng: lore
eng: booklouse	rel:has_derived_form	eng: booklice
eng: booklouse	rel:is_derived_from	eng: book
eng: booklouse	rel:is_derived_from	eng: louse
eng: booklover	rel:etymology	eng: book
eng: booklover	rel:etymology	eng: lover
eng: booklover	rel:has_derived_form	eng: booklovers
eng: booklovers	rel:is_derived_from	eng: booklover
eng: booklung	rel:has_derived_form	eng: booklungs
eng: booklungs	rel:is_derived_from	eng: booklung
eng: bookly	rel:is_derived_from	eng: book
eng: bookmaker	rel:etymologically_related	eng: bookmaking
eng: bookmaker	rel:etymology	eng: book
eng: bookmaker	rel:etymology	eng: maker
eng: bookmaker	rel:has_derived_form	eng: bookmakers
eng: bookmaker	rel:is_derived_from	eng: book
eng: bookmakers	rel:is_derived_from	eng: bookmaker
eng: bookmaking	rel:etymologically_related	eng: bookie
eng: bookmaking	rel:etymologically_related	eng: bookmaker
eng: bookmaking	rel:is_derived_from	eng: book
eng: bookman	rel:etymology	enm: bocman
eng: bookman	rel:has_derived_form	eng: bookmen
eng: bookman	rel:is_derived_from	eng: book
eng: bookmark	rel:etymological_origin_of	eng: bookmarkable
eng: bookmark	rel:etymological_origin_of	eng: bookmarklet
eng: bookmark	rel:etymological_origin_of	jpn: ブックマーク
eng: bookmark	rel:has_derived_form	eng: bookmarked
eng: bookmark	rel:has_derived_form	eng: bookmarking
eng: bookmark	rel:has_derived_form	eng: bookmarks
eng: bookmark	rel:has_derived_form	eng: unbookmarked
eng: bookmark	rel:is_derived_from	eng: book
eng: bookmark	rel:is_derived_from	eng: mark
eng: bookmarkable	rel:etymology	eng: -able
eng: bookmarkable	rel:etymology	eng: bookmark
eng: bookmarked	rel:etymological_origin_of	eng: unbookmarked
eng: bookmarked	rel:is_derived_from	eng: bookmark
eng: bookmarker	rel:has_derived_form	eng: bookmarkers
eng: bookmarker	rel:is_derived_from	eng: book
eng: bookmarkers	rel:is_derived_from	eng: bookmarker
eng: bookmarking	rel:is_derived_from	eng: bookmark
eng: bookmarklet	rel:etymology	eng: -let
eng: bookmarklet	rel:etymology	eng: bookmark
eng: bookmarklet	rel:has_derived_form	eng: bookmarklets
eng: bookmarklets	rel:is_derived_from	eng: bookmarklet
eng: bookmarks	rel:is_derived_from	eng: bookmark
eng: bookmate	rel:etymology	eng: book
eng: bookmate	rel:etymology	eng: mate
eng: bookmate	rel:has_derived_form	eng: bookmates
eng: bookmates	rel:is_derived_from	eng: bookmate
eng: bookmen	rel:is_derived_from	eng: bookman
eng: bookmobile	rel:etymological_origin_of	eng: boatmobile
eng: bookmobile	rel:etymology	eng: -mobile
eng: bookmobile	rel:etymology	eng: book
eng: bookmobile	rel:has_derived_form	eng: bookmobiles
eng: bookmobile	rel:is_derived_from	eng: -mobile
eng: bookmobile	rel:is_derived_from	eng: book
eng: bookmobiles	rel:is_derived_from	eng: bookmobile
eng: bookmonger	rel:etymology	eng: -monger
eng: bookmonger	rel:etymology	eng: book
eng: bookmonger	rel:has_derived_form	eng: bookmongers
eng: bookmonger	rel:is_derived_from	eng: monger
eng: bookmongers	rel:is_derived_from	eng: bookmonger
eng: bookplate	rel:etymology	eng: book
eng: bookplate	rel:etymology	eng: plate
eng: bookplate	rel:has_derived_form	eng: bookplates
eng: bookplate	rel:is_derived_from	eng: book
eng: bookplates	rel:is_derived_from	eng: bookplate
eng: bookrack	rel:has_derived_form	eng: bookracks
eng: bookracks	rel:is_derived_from	eng: bookrack
eng: bookrest	rel:etymologically_related	eng: armrest
eng: bookrest	rel:has_derived_form	eng: bookrests
eng: bookrest	rel:is_derived_from	eng: book
eng: bookrests	rel:is_derived_from	eng: bookrest
eng: bookroom	rel:etymology	eng: book
eng: bookroom	rel:etymology	eng: room
eng: bookroom	rel:has_derived_form	eng: bookrooms
eng: bookrooms	rel:is_derived_from	eng: bookroom
eng: books	rel:etymological_origin_of	eng: booksy
eng: books	rel:etymological_origin_of	eng: mook
eng: books	rel:is_derived_from	eng: book
eng: bookseller	rel:has_derived_form	eng: booksellerish
eng: bookseller	rel:has_derived_form	eng: booksellerism
eng: bookseller	rel:has_derived_form	eng: booksellers
eng: bookseller	rel:is_derived_from	eng: book
eng: booksellerish	rel:is_derived_from	eng: bookseller
eng: booksellerism	rel:is_derived_from	eng: bookseller
eng: booksellers	rel:is_derived_from	eng: bookseller
eng: bookselling	rel:etymology	eng: book
eng: bookselling	rel:etymology	eng: selling
eng: bookselling	rel:is_derived_from	eng: book
eng: booksful	rel:is_derived_from	eng: bookful
eng: bookshelf	rel:has_derived_form	eng: bookshelves
eng: bookshelf	rel:is_derived_from	eng: book
eng: bookshelves	rel:is_derived_from	eng: bookshelf
eng: bookshop	rel:has_derived_form	eng: bookshops
eng: bookshop	rel:is_derived_from	eng: book
eng: bookshops	rel:is_derived_from	eng: bookshop
eng: booksie	rel:is_derived_from	eng: book
eng: bookstaff	rel:etymology	eng: book
eng: bookstaff	rel:etymology	eng: staff
eng: bookstaff	rel:etymology	enm: bocstaff
eng: bookstaff	rel:has_derived_form	eng: bookstaffs
eng: bookstaff	rel:has_derived_form	eng: bookstaves
eng: bookstaffs	rel:is_derived_from	eng: bookstaff
eng: bookstall	rel:has_derived_form	eng: bookstalls
eng: bookstall	rel:is_derived_from	eng: book
eng: bookstalls	rel:is_derived_from	eng: bookstall
eng: bookstand	rel:has_derived_form	eng: bookstands
eng: bookstand	rel:is_derived_from	eng: book
eng: bookstands	rel:is_derived_from	eng: bookstand
eng: bookstave	rel:etymology	enm: bocstaff
eng: bookstave	rel:has_derived_form	eng: bookstaves
eng: bookstaves	rel:is_derived_from	eng: bookstaff
eng: bookstaves	rel:is_derived_from	eng: bookstave
eng: bookstore	rel:has_derived_form	eng: bookstores
eng: bookstore	rel:is_derived_from	eng: book
eng: bookstore tourism	rel:is_derived_from	eng: tourism
eng: bookstores	rel:is_derived_from	eng: bookstore
eng: booksy	rel:etymology	eng: -y
eng: booksy	rel:etymology	eng: books
eng: booksy	rel:is_derived_from	eng: book
eng: bookwards	rel:is_derived_from	eng: book
eng: bookware	rel:etymology	eng: -ware
eng: bookware	rel:etymology	eng: book
eng: bookware	rel:is_derived_from	eng: -ware
eng: bookwise	rel:etymology	eng: -wise
eng: bookwise	rel:etymology	eng: book
eng: bookwise	rel:is_derived_from	eng: book
eng: bookwork	rel:etymology	eng: book
eng: bookwork	rel:etymology	eng: work
eng: bookwork	rel:is_derived_from	eng: book
eng: bookworm	rel:etymological_origin_of	eng: bookwormish
eng: bookworm	rel:etymological_origin_of	eng: bookwormy
eng: bookworm	rel:etymology	eng: book
eng: bookworm	rel:etymology	eng: worm
eng: bookworm	rel:has_derived_form	eng: bookworms
eng: bookworm	rel:is_derived_from	eng: book
eng: bookworm	rel:is_derived_from	eng: worm
eng: bookwormish	rel:etymology	eng: -ish
eng: bookwormish	rel:etymology	eng: bookworm
eng: bookworms	rel:is_derived_from	eng: bookworm
eng: bookwormy	rel:etymology	eng: -y
eng: bookwormy	rel:etymology	eng: bookworm
eng: bookwright	rel:etymology	eng: book
eng: bookwright	rel:etymology	eng: wright
eng: figwort	rel:etymology	eng: fig
eng: figwort	rel:etymology	eng: wort
eng: ferrometal	rel:etymology	eng: ferro-
eng: ferrometal	rel:etymology	eng: metal
eng: ferrometal	rel:has_derived_form	eng: ferrometals
eng: ferrometals	rel:is_derived_from	eng: ferrometal
eng: ferrometer	rel:is_derived_from	eng: ferro-
eng: ferromolybdenum	rel:is_derived_from	eng: ferro-
eng: ferromolybdenum	rel:is_derived_from	eng: molybdenum
eng: ferroniobium	rel:etymology	eng: ferro-
eng: ferroniobium	rel:etymology	eng: niobium
eng: ferroniobium	rel:is_derived_from	eng: ferro-
eng: ferroniobium	rel:is_derived_from	eng: niobium
eng: ferropericlase	rel:has_derived_form	eng: ferropericlases
eng: ferropericlases	rel:is_derived_from	eng: ferropericlase
eng: ferropnictide	rel:has_derived_form	eng: ferropnictides
eng: ferropnictides	rel:is_derived_from	eng: ferropnictide
eng: ferroporphyrin	rel:etymologically_related	eng: ferriporphyrin
eng: ferroprotein	rel:has_derived_form	eng: ferroproteins
eng: ferroproteins	rel:is_derived_from	eng: ferroprotein
eng: ferroprussiate	rel:etymology	eng: ferro-
eng: ferroprussiate	rel:etymology	eng: prussiate
eng: ferroprussiate	rel:has_derived_form	eng: ferroprussiates
eng: ferroprussiate	rel:is_derived_from	eng: ferro-
eng: ferroprussiates	rel:is_derived_from	eng: ferroprussiate
eng: ferroprussic	rel:etymology	eng: ferro-
eng: ferroprussic	rel:etymology	eng: prussic
eng: ferrosilicon	rel:has_derived_form	eng: ferrosilicons
eng: ferrosilicon	rel:is_derived_from	eng: ferro-
eng: ferrosilicon	rel:is_derived_from	eng: silicon
eng: ferrosilicons	rel:is_derived_from	eng: ferrosilicon
eng: ferroprussic	rel:etymology	eng: ferro-
eng: ferroprussic	rel:etymology	eng: prussic
eng: ferrosilicon	rel:has_derived_form	eng: ferrosilicons
eng: ferrosilicon	rel:is_derived_from	eng: ferro-
eng: ferrosilicon	rel:is_derived_from	eng: silicon
eng: ferrosilicons	rel:is_derived_from	eng: ferrosilicon
eng: ferroso-	rel:has_derived_form	eng: ferroso-aluminic sulfate
eng: ferroso-	rel:has_derived_form	eng: ferroso-aluminic sulphate
eng: ferroso-	rel:has_derived_form	eng: ferroso-ferric oxide
eng: ferroso-aluminic sulfate	rel:is_derived_from	eng: aluminic
eng: ferroso-aluminic sulfate	rel:is_derived_from	eng: ferroso-
eng: ferroso-aluminic sulfate	rel:is_derived_from	eng: sulfate
eng: ferroso-aluminic sulphate	rel:is_derived_from	eng: aluminic
eng: ferroso-aluminic sulphate	rel:is_derived_from	eng: ferroso-
eng: ferroso-aluminic sulphate	rel:is_derived_from	eng: sulfate
eng: ferroso-ferric oxide	rel:is_derived_from	eng: ferric
eng: ferroso-ferric oxide	rel:is_derived_from	eng: ferroso-
eng: ferroso-ferric oxide	rel:is_derived_from	eng: oxide
eng: ferrospinel	rel:is_derived_from	eng: ferro-
eng: ferrotantalite	rel:etymology	eng: ferro-
eng: ferrotantalite	rel:etymology	eng: tantalite
eng: ferrotantalite	rel:has_derived_form	eng: ferrotantalites
eng: ferrotantalites	rel:is_derived_from	eng: ferrotantalite
eng: ferrotellurite	rel:is_derived_from	eng: ferro-
eng: ferrotitanium	rel:is_derived_from	eng: ferro-
eng: ferrotitanium	rel:is_derived_from	eng: titanium
eng: ferrotitanowodginite	rel:is_derived_from	eng: wodginite
eng: ferrotoroidic	rel:etymologically_related	eng: ferrotoroidicity
eng: ferrotoroidic	rel:is_derived_from	eng: ferro-
eng: ferrotoroidicity	rel:etymologically_related	eng: ferrotoroidic
eng: ferrotoroidicity	rel:is_derived_from	eng: ferro-
eng: ferrotungsten	rel:is_derived_from	eng: ferro-
eng: ferrotungsten	rel:is_derived_from	eng: tungsten
eng: ferrotype	rel:has_derived_form	eng: ferrotypes
eng: ferrotype	rel:is_derived_from	eng: ferro-
eng: ferrotypes	rel:is_derived_from	eng: ferrotype
eng: ferrous	rel:etymological_origin_of	eng: hyperferremia
eng: ferrous	rel:etymological_origin_of	eng: nonferrous
eng: ferrous	rel:etymologically_related	eng: ferric
eng: ferrous	rel:etymologically_related	eng: ferro-
eng: ferrous	rel:etymology	lat: ferrum
eng: ferrous	rel:has_derived_form	eng: ferrous chloride
eng: ferrous	rel:has_derived_form	eng: ferrous ferricyanide
eng: ferrous	rel:has_derived_form	eng: ferrous fumarate
eng: ferrous	rel:has_derived_form	eng: ferrous oxide
eng: ferrous	rel:has_derived_form	eng: ferrous phosphate
eng: ferrous	rel:has_derived_form	eng: ferrous sulfate
eng: ferrous	rel:has_derived_form	eng: ferrous sulfide
eng: ferrous	rel:has_derived_form	eng: ferrous sulphate
eng: ferrous	rel:has_derived_form	eng: ferrous sulphide
eng: ferrous chloride	rel:is_derived_from	eng: chloride
eng: ferrous chloride	rel:is_derived_from	eng: ferrous
eng: ferrous ferricyanide	rel:is_derived_from	eng: ferricyanide
eng: ferrous ferricyanide	rel:is_derived_from	eng: ferrous
eng: ferrous fumarate	rel:is_derived_from	eng: ferrous
eng: ferrous oxide	rel:is_derived_from	eng: ferrous
eng: ferrous oxide	rel:is_derived_from	eng: oxide
eng: ferrous phosphate	rel:is_derived_from	eng: ferrous
eng: ferrous phosphate	rel:is_derived_from	eng: phosphate
eng: ferrous sulfate	rel:is_derived_from	eng: ferrous
eng: ferrous sulfate	rel:is_derived_from	eng: sulfate
eng: ferrous sulfide	rel:is_derived_from	eng: ferrous
eng: ferrous sulfide	rel:is_derived_from	eng: sulfide
eng: ferrous sulphate	rel:is_derived_from	eng: ferrous
eng: ferrous sulphate	rel:is_derived_from	eng: sulfate
eng: ferrous sulphide	rel:is_derived_from	eng: ferrous
eng: ferrous sulphide	rel:is_derived_from	eng: sulfide
eng: ferrovanadium	rel:has_derived_form	eng: ferrovanadiums
eng: ferrovanadium	rel:is_derived_from	eng: ferro-
eng: ferrovanadium	rel:is_derived_from	eng: vanadium
eng: ferrovanadiums	rel:is_derived_from	eng: ferrovanadium
eng: ferrowodginite	rel:is_derived_from	eng: wodginite
eng: ferrugineous	rel:is_derived_from	eng: -eous
eng: ferrugineous	rel:variant:orthography	eng: ferruginous
eng: ferruginous	rel:etymological_origin_of	eng: ferruginous duck
eng: ferruginous	rel:etymological_origin_of	eng: ferruginous hawk
eng: ferruginous	rel:etymological_origin_of	eng: nonferruginous
eng: ferruginous	rel:has_derived_form	eng: ferruginous duck
eng: ferruginous	rel:has_derived_form	eng: ferruginous hawk
eng: ferruginous duck	rel:etymology	eng: duck
eng: ferruginous duck	rel:etymology	eng: ferruginous
eng: ferruginous duck	rel:has_derived_form	eng: ferruginous ducks
eng: ferruginous duck	rel:is_derived_from	eng: ferruginous
eng: ferruginous ducks	rel:is_derived_from	eng: ferruginous duck
eng: ferruginous hawk	rel:etymology	eng: ferruginous
eng: ferruginous hawk	rel:etymology	eng: hawk
eng: ferruginous hawk	rel:has_derived_form	eng: ferruginous hawks
eng: ferruginous hawk	rel:is_derived_from	eng: ferruginous
eng: ferruginous hawk	rel:is_derived_from	eng: hawk
eng: ferruginous hawks	rel:is_derived_from	eng: ferruginous hawk
eng: ferruginous wood partridge	rel:is_derived_from	eng: partridge
eng: ferrule	rel:has_derived_form	eng: ferrules
eng: ferrules	rel:is_derived_from	eng: ferrule
eng: ferruminate	rel:etymology	lat: ferruminatus
eng: ferruminate	rel:has_derived_form	eng: ferruminated
eng: ferruminate	rel:has_derived_form	eng: ferruminates
eng: ferruminate	rel:has_derived_form	eng: ferruminating
eng: ferruminated	rel:is_derived_from	eng: ferruminate
eng: ferruminates	rel:is_derived_from	eng: ferruminate
eng: ferruminating	rel:is_derived_from	eng: ferruminate
eng: ferry	rel:etymological_origin_of	cat: ferri
eng: ferry	rel:etymological_origin_of	eng: ferriable
eng: ferry	rel:etymological_origin_of	eng: ferryboat
eng: ferry	rel:etymological_origin_of	eng: ferryman
eng: ferry	rel:etymological_origin_of	eng: ferrywoman
eng: ferry	rel:etymological_origin_of	spa: ferri
eng: ferry	rel:etymology	enm: ferien
eng: ferry	rel:has_derived_form	eng: ferried
eng: ferry	rel:has_derived_form	eng: ferries
eng: ferry	rel:has_derived_form	eng: ferrying
eng: ferry boat	rel:has_derived_form	eng: ferry boats
eng: ferry boats	rel:is_derived_from	eng: ferry boat
eng: ferry-boat	rel:has_derived_form	eng: ferry-boats
eng: ferry-boats	rel:is_derived_from	eng: ferry-boat
eng: ferryboat	rel:etymological_origin_of	eng: ferryboatman
eng: ferryboat	rel:etymological_origin_of	jpn: フェリーボート
eng: ferryboat	rel:etymological_origin_of	tur: feribot
eng: ferryboat	rel:etymology	eng: boat
eng: ferryboat	rel:etymology	eng: ferry
eng: ferryboat	rel:has_derived_form	eng: ferryboats
eng: ferryboatman	rel:etymology	eng: -man
eng: ferryboatman	rel:etymology	eng: ferryboat
eng: ferryboatman	rel:has_derived_form	eng: ferryboatmen
eng: ferryboatmen	rel:is_derived_from	eng: ferryboatman
eng: ferryboats	rel:is_derived_from	eng: ferryboat
eng: ferrying	rel:is_derived_from	eng: ferry
eng: ferryl	rel:etymologically_related	eng: ferric
eng: ferryl	rel:has_derived_form	eng: oxyferryl
eng: ferryl	rel:is_derived_from	eng: ferro-
eng: ferryman	rel:etymology	eng: -man
eng: ferryman	rel:etymology	eng: ferry
eng: ferryman	rel:has_derived_form	eng: ferrymen
eng: ferrymen	rel:is_derived_from	eng: ferryman
eng: ferrywoman	rel:etymology	eng: ferry
eng: ferrywoman	rel:etymology	eng: woman
eng: ferrywoman	rel:has_derived_form	eng: ferrywomen
eng: ferrywomen	rel:is_derived_from	eng: ferrywoman
eng: fertile	rel:etymological_origin_of	eng: fertilely
eng: fertile	rel:etymological_origin_of	eng: fertileness
eng: fertile	rel:etymological_origin_of	eng: fertilize
eng: fertile	rel:etymological_origin_of	eng: infertile
eng: fertile	rel:etymological_origin_of	eng: nonfertile
eng: fertile	rel:etymological_origin_of	eng: postfertile
eng: fertile	rel:etymological_origin_of	eng: self-fertile
eng: fertile	rel:etymological_origin_of	eng: subfertile
eng: fertile	rel:etymologically_related	eng: fertileness
eng: fertile	rel:etymologically_related	eng: fertilisation
eng: fertile	rel:etymologically_related	eng: fertilise
eng: fertile	rel:etymologically_related	eng: fertiliser
eng: fertile	rel:etymologically_related	eng: fertility
eng: fertile	rel:etymologically_related	eng: fertilization
eng: fertile	rel:etymologically_related	eng: fertilize
eng: fertile	rel:etymologically_related	eng: fertilizer
eng: fertile	rel:etymologically_related	eng: subfertile
eng: fertilely	rel:etymology	eng: -ly
eng: fertilely	rel:etymology	eng: fertile
eng: fertileness	rel:etymologically_related	eng: fertile
eng: fertileness	rel:etymology	eng: -ness
eng: fertileness	rel:etymology	eng: fertile
eng: fertilisable	rel:etymology	eng: -able
eng: fertilisable	rel:etymology	eng: fertilise
eng: fertilisable	rel:variant:orthography	eng: fertilizable
eng: fertilisation	rel:etymologically_related	eng: fertile
eng: fertilisation	rel:etymology	eng: -ation
eng: fertilisation	rel:etymology	eng: fertilise
eng: fertilisation	rel:has_derived_form	eng: fertilisations
eng: fertilisations	rel:is_derived_from	eng: fertilisation
eng: fertilise	rel:etymological_origin_of	eng: fertilisable
eng: fertilise	rel:etymological_origin_of	eng: fertilisation
eng: fertilise	rel:etymologically_related	eng: fertile
eng: fertilise	rel:has_derived_form	eng: fertilised
eng: fertilise	rel:has_derived_form	eng: fertilises
eng: fertilise	rel:has_derived_form	eng: fertilising
eng: fertilised	rel:is_derived_from	eng: fertilise
eng: fertiliser	rel:etymologically_related	eng: fertile
eng: fertiliser	rel:has_derived_form	eng: fertilisers
eng: fertiliser	rel:variant:orthography	eng: fertilizer
eng: fertilisers	rel:is_derived_from	eng: fertiliser
eng: fertilises	rel:is_derived_from	eng: fertilise
eng: fertilising	rel:is_derived_from	eng: fertilise
eng: fertilities	rel:is_derived_from	eng: fertility
eng: fertility	rel:etymological_origin_of	eng: antifertility
eng: fertility	rel:etymological_origin_of	eng: nonfertility
eng: fertility	rel:etymological_origin_of	eng: oncofertility
eng: fertility	rel:etymologically_related	eng: fertile
eng: fertility	rel:has_derived_form	eng: fertilities
eng: fertility	rel:has_derived_form	eng: oncofertility
eng: fertility drug	rel:has_derived_form	eng: fertility drugs
eng: fertility drug	rel:is_derived_from	eng: drug
eng: fertility drugs	rel:is_derived_from	eng: fertility drug
eng: fertilizable	rel:etymology	eng: -able
eng: fertilizable	rel:etymology	eng: fertilize
eng: fertilization	rel:etymological_origin_of	eng: overfertilization
eng: fertilization	rel:etymological_origin_of	eng: self-fertilization
eng: fertilization	rel:etymologically_related	eng: fertile
eng: fertilization	rel:etymology	eng: -ation
eng: fertilization	rel:etymology	eng: fertilize
eng: fertilization	rel:has_derived_form	eng: fertilizations
eng: fertilization	rel:has_derived_form	eng: in vitro fertilization
eng: fertilizations	rel:is_derived_from	eng: fertilization
eng: fertilize	rel:etymological_origin_of	eng: fertilizable
eng: fertilize	rel:etymological_origin_of	eng: fertilization
eng: fertilize	rel:etymological_origin_of	eng: overfertilize
eng: fertilize	rel:etymologically_related	eng: fertile
eng: fertilize	rel:etymologically_related	eng: fertilizer
eng: fertilize	rel:etymology	eng: -ize
eng: fertilize	rel:etymology	eng: fertile
eng: fertilize	rel:has_derived_form	eng: fertilizes
eng: fertilized	rel:etymological_origin_of	eng: nonfertilized
eng: fertilizer	rel:etymological_origin_of	eng: biofertilizer
eng: fertilizer	rel:etymological_origin_of	eng: nonfertilizer
eng: fertilizer	rel:etymologically_related	eng: fertile
eng: fertilizer	rel:etymologically_related	eng: fertilize
eng: fertilizer	rel:has_derived_form	eng: fertilizers
eng: fertilizer	rel:has_derived_form	eng: over-fertilization
eng: fertilizers	rel:is_derived_from	eng: fertilizer
eng: fertilizes	rel:is_derived_from	eng: fertilize
eng: ferulaceous	rel:etymology	lat: ferulaceus
eng: ferular	rel:has_derived_form	eng: ferulars
eng: ferulars	rel:is_derived_from	eng: ferular
eng: ferule	rel:has_derived_form	eng: feruled
eng: ferule	rel:has_derived_form	eng: ferules
eng: ferule	rel:has_derived_form	eng: feruling
eng: feruled	rel:is_derived_from	eng: ferule
eng: ferules	rel:is_derived_from	eng: ferule
eng: ferulic	rel:etymological_origin_of	eng: feruloyl
eng: feruling	rel:has_derived_form	eng: ferulings
eng: feruling	rel:is_derived_from	eng: ferule
eng: ferulings	rel:is_derived_from	eng: feruling
eng: feruloyl	rel:etymology	eng: -yl
eng: feruloyl	rel:etymology	eng: ferulic
eng: ferussaciid	rel:has_derived_form	eng: ferussaciids
eng: ferussaciids	rel:is_derived_from	eng: ferussaciid
eng: fervent	rel:etymological_origin_of	eng: fervently
eng: fervent	rel:etymological_origin_of	eng: unfervent
eng: fervent	rel:etymologically_related	eng: ferment
eng: fervent	rel:etymologically_related	eng: fervid
eng: fervent	rel:etymologically_related	eng: fervor
eng: fervent	rel:etymologically_related	eng: fever
eng: fervent	rel:has_derived_form	eng: fervently
eng: fervently	rel:etymology	eng: -ly
eng: fervently	rel:etymology	eng: fervent
eng: fervently	rel:is_derived_from	eng: fervent
eng: fervid	rel:etymologically_related	eng: fervent
eng: fervid	rel:etymologically_related	eng: fervor
eng: fervid	rel:etymologically_related	eng: fever
eng: fervid	rel:etymology	lat: fervidus
eng: fervor	rel:etymological_origin_of	eng: fervorous
eng: fervor	rel:etymologically_related	eng: fervent
eng: fervor	rel:etymologically_related	eng: fervid
eng: fervor	rel:etymologically_related	eng: fever
eng: fervor	rel:has_derived_form	eng: fervors
eng: gutshots	rel:is_derived_from	eng: gutshot
eng: gutsier	rel:is_derived_from	eng: gutsy
eng: gutsiest	rel:is_derived_from	eng: gutsy
eng: gutsily	rel:etymology	eng: -ly
eng: gutsily	rel:etymology	eng: gutsy
eng: gutsing out	rel:is_derived_from	eng: guts out
eng: gutsy	rel:etymological_origin_of	eng: gutsily
eng: gutsy	rel:etymology	eng: -y
eng: gutsy	rel:etymology	eng: guts
eng: gutsy	rel:has_derived_form	eng: gutsier
eng: gutsy	rel:has_derived_form	eng: gutsiest
eng: gutsy	rel:is_derived_from	eng: gut
eng: gutta	rel:etymology	enm: gutta
eng: gutta	rel:has_derived_form	eng: guttae
eng: gutta-percha	rel:etymological_origin_of	fin: guttaperkka
eng: gutta-percha	rel:etymology	msa: getah perca
eng: gutta-percha	rel:has_derived_form	eng: gutta-perchas
eng: gutta-perchas	rel:is_derived_from	eng: gutta-percha
eng: guttae	rel:is_derived_from	eng: gutta
eng: guttate	rel:has_derived_form	eng: guttate psoriasis
eng: guttate psoriasis	rel:is_derived_from	eng: guttate
eng: gutted	rel:is_derived_from	eng: gut
eng: gutter	rel:etymological_origin_of	eng: gutterless
eng: gutter	rel:etymological_origin_of	eng: gutterlike
eng: gutter	rel:etymological_origin_of	eng: gutterwork
eng: gutter	rel:etymological_origin_of	eng: guttery
eng: gutter	rel:etymological_origin_of	srn: gotro
eng: gutter	rel:etymologically_related	eng: gout
eng: gutter	rel:etymology	xno: gotere
eng: gutter	rel:has_derived_form	eng: guttered
eng: gutter	rel:has_derived_form	eng: guttering
eng: gutter	rel:has_derived_form	eng: gutters
eng: gutterball	rel:has_derived_form	eng: gutterballs
eng: gutterball	rel:variant:orthography	eng: gutter ball
eng: gutterballs	rel:is_derived_from	eng: gutterball
eng: guttered	rel:is_derived_from	eng: gutter
eng: guttering	rel:has_derived_form	eng: gutterings
eng: guttering	rel:is_derived_from	eng: gutter
eng: gutterings	rel:is_derived_from	eng: guttering
eng: gutterless	rel:etymology	eng: -less
eng: gutterless	rel:etymology	eng: gutter
eng: gutterlike	rel:etymology	eng: -like
eng: gutterlike	rel:etymology	eng: gutter
eng: guttermouth	rel:has_derived_form	eng: guttermouths
eng: guttermouths	rel:is_derived_from	eng: guttermouth
eng: gutters	rel:is_derived_from	eng: gutter
eng: guttersnipe	rel:has_derived_form	eng: guttersnipes
eng: guttersnipes	rel:is_derived_from	eng: guttersnipe
eng: gutterwork	rel:etymology	eng: gutter
eng: gutterwork	rel:etymology	eng: work
eng: guttery	rel:etymology	eng: -y
eng: guttery	rel:etymology	eng: gutter
eng: guttiest	rel:is_derived_from	eng: gutty
eng: guttifer	rel:has_derived_form	eng: guttifers
eng: guttiferous	rel:is_derived_from	eng: -ferous
eng: guttifers	rel:is_derived_from	eng: guttifer
eng: gutting	rel:has_derived_form	eng: guttings
eng: gutting	rel:is_derived_from	eng: gut
eng: guttings	rel:is_derived_from	eng: gutting
eng: guttle	rel:has_derived_form	eng: guttled
eng: guttle	rel:has_derived_form	eng: guttles
eng: guttle	rel:has_derived_form	eng: guttling
eng: guttled	rel:is_derived_from	eng: guttle
eng: guttler	rel:has_derived_form	eng: guttlers
eng: guttlers	rel:is_derived_from	eng: guttler
eng: guttles	rel:is_derived_from	eng: guttle
eng: guttling	rel:is_derived_from	eng: guttle
eng: guttural	rel:etymological_origin_of	eng: gutturalism
eng: guttural	rel:etymological_origin_of	eng: gutturalness
eng: guttural	rel:etymological_origin_of	eng: nonguttural
eng: guttural	rel:etymologically_related	eng: gutturally
eng: guttural	rel:etymology	lat: gutturalis
eng: guttural	rel:has_derived_form	eng: gutturals
eng: gutturalism	rel:etymology	eng: -ism
eng: gutturalism	rel:etymology	eng: guttural
eng: gutturalism	rel:has_derived_form	eng: gutturalisms
eng: gutturalisms	rel:is_derived_from	eng: gutturalism
eng: gutturalization	rel:has_derived_form	eng: gutturalizations
eng: gutturalizations	rel:is_derived_from	eng: gutturalization
eng: gutturalize	rel:has_derived_form	eng: gutturalized
eng: gutturalize	rel:has_derived_form	eng: gutturalizes
eng: gutturalize	rel:has_derived_form	eng: gutturalizing
eng: gutturalized	rel:is_derived_from	eng: gutturalize
eng: gutturalizes	rel:is_derived_from	eng: gutturalize
eng: gutturalizing	rel:is_derived_from	eng: gutturalize
eng: gutturally	rel:etymologically_related	eng: guttural
eng: gutturalness	rel:etymology	eng: -ness
eng: gutturalness	rel:etymology	eng: guttural
eng: gutturals	rel:is_derived_from	eng: guttural
eng: gutturize	rel:has_derived_form	eng: gutturized
eng: gutturize	rel:has_derived_form	eng: gutturizes
eng: gutturize	rel:has_derived_form	eng: gutturizing
eng: gutturized	rel:is_derived_from	eng: gutturize
eng: gutturizes	rel:is_derived_from	eng: gutturize
eng: gutturizing	rel:is_derived_from	eng: gutturize
eng: gutty	rel:etymology	eng: -y
eng: gutty	rel:etymology	eng: gut
eng: gutty	rel:etymology	lat: gutta
eng: gutty	rel:has_derived_form	eng: guttiest
eng: gutwort	rel:etymology	eng: gut
eng: gutwort	rel:etymology	eng: wort
eng: gutwort	rel:is_derived_from	eng: wort
eng: gutwrenching	rel:variant:orthography	eng: gut-wrenching
eng: guv	rel:etymologically_related	eng: governor
eng: guv	rel:etymologically_related	eng: guv'nor
eng: guv'nor	rel:etymologically_related	eng: guv
eng: guy	rel:etymological_origin_of	eng: everyguy
eng: guy	rel:etymological_origin_of	eng: guyed
eng: guy	rel:etymological_origin_of	eng: guyliner
eng: guy	rel:etymological_origin_of	eng: guyness
eng: guy	rel:etymological_origin_of	isl: gæi
eng: guy	rel:etymology	fro: guie
